Id,SalePrice_XGB,SalePrice_LM
1461,126891.89114818562,124726.75280349582
1462,147931.08920232602,153760.49042695534
1463,168586.25053490326,160318.83564739148
1464,176996.16731686075,177945.1426758684
1465,210310.0465473719,228840.15706124462
1466,173296.67769687963,172205.82548299513
1467,162411.5920217629,163030.39281748596
1468,164459.32158996223,161637.17486824587
1469,184961.3838768673,191188.22657776595
1470,123469.87840532693,121258.57718989537
1471,185384.5068360318,186374.64707303164
1472,97578.09697268107,99057.11911985358
1473,105033.90036849328,95606.71113445578
1474,162311.71951879718,154020.56398242194
1475,133309.84769601453,135250.5696066404
1476,387048.263047089,369064.2463487287
1477,268128.82668624027,266025.05751407385
1478,306156.22534952994,329190.4392193913
1479,299409.97609016823,320321.66117814847
1480,463463.44313478924,437217.5585066249
1481,324216.1965978984,288109.63557408034
1482,210972.36074611288,232047.5004791527
1483,174522.00067840779,180803.01804211125
1484,178521.20348159282,172845.09658115817
1485,162330.45060960125,197512.25166923218
1486,197176.61469751858,200945.53418266482
1487,335155.5387669804,332615.0142259173
1488,248165.45086134094,249960.01092272534
1489,190096.88797382198,199687.98035020876
1490,196914.46881090224,204975.64430144487
1491,192864.8625622687,191162.26211916943
1492,106762.76927938197,122645.71846749779
1493,167050.62861790985,163137.50273043197
1494,301963.2544782451,298738.51258948585
1495,303800.34468414955,290664.5328589792
1496,216742.40329048954,223298.59911721683
1497,200810.91763453197,204648.2627501503
1498,157352.84323772613,178728.4865665925
1499,159049.70058890563,181176.71674691138
1500,147535.187826758,168582.78075819396
1501,173582.66445639628,179840.947247485
1502,149515.22272525952,173102.01787273245
1503,261017.43235138454,250092.01567490198
1504,232765.4680689354,228224.46850947675
1505,215609.74896764604,208579.27174166034
1506,178503.66838267178,180482.3615252183
1507,240076.18241467953,223351.2179999407
1508,180774.80456508038,182253.1279787116
1509,159251.87014991563,160473.3373333513
1510,143054.35589201938,141314.01774185643
1511,144327.12980789732,141295.5067178046
1512,170744.7210646299,161708.09828304886
1513,157433.59855635348,176122.08802355026
1514,139962.01547551123,NA
1515,189327.95854470052,189668.57141553253
1516,155294.6346119388,158189.6364304877
1517,145442.18631252454,151016.88035833457
1518,152570.0554727313,155030.59931432293
1519,211659.16541705484,198677.78295912888
1520,133627.93727984722,128879.22694666078
1521,132185.15038186344,131036.66775410983
1522,156491.29021169085,164646.42380273275
1523,123661.01833155961,121068.78739379381
1524,117095.70213182365,120663.00285963478
1525,124569.83339114055,122674.63895321186
1526,124034.36792425052,123286.20229326178
1527,103831.09825493803,121526.55960573585
1528,130336.88031415391,135630.21810492832
1529,143413.7492269547,138183.67171380742
1530,154397.81400514633,159072.83667986593
1531,99876.97250567409,113952.52098095503
1532,97335.14454126322,NA
1533,140246.07998722882,132623.28682974848
1534,122476.66147998582,112182.20895985453
1535,144117.37827472677,129021.7303106202
1536,123558.93026387805,106572.72590815682
1537,79665.65408186818,82334.80773655599
1538,160053.50484178413,143632.81059928972
1539,178171.16839511308,175683.26274429893
1540,132878.66846220937,NA
1541,134808.3581573536,118191.23627755335
1542,145961.03566107253,134323.45499666486
1543,203313.5129947408,183836.5177194392
1544,89551.75054940738,106124.8001041782
1545,109611.40271448424,124243.42457104327
1546,122680.53680387544,136359.17440720298
1547,141005.42096640618,134381.4680915268
1548,139649.48982953705,136086.14415495473
1549,106741.49146625822,121859.112927022
1550,141545.82991501145,135971.90510215395
1551,106483.84785488203,106143.37133773734
1552,119046.83366593398,128288.706809682
1553,126501.01253603447,NA
1554,100360.49047179677,111570.68753346211
1555,166740.89331629607,176853.9462027559
1556,117454.38283314415,164134.7234187733
1557,105558.9926907357,NA
1558,100867.02904880537,110753.95692304386
1559,111795.27463484544,NA
1560,127653.53375896857,139177.20597560014
1561,126966.94231861288,NA
1562,121501.63060847924,129521.72872495065
1563,110273.84560460871,118640.31749592947
1564,151766.0939925546,149155.93166395754
1565,140990.76404018525,136414.81720031716
1566,202943.1219621326,215532.77691416992
1567,82373.62085037713,103427.57446930384
1568,216619.45012073312,222769.8047099945
1569,115334.27960784486,104699.8948222276
1570,123566.35415061274,131442.63235560228
1571,120651.09408703168,106276.86771251888
1572,130461.11507428858,117145.9775465194
1573,201234.79113284347,179182.1116973949
1574,129446.59154302234,128107.77162191826
1575,197584.52572200698,189972.7340706105
1576,201523.82818309663,208748.25635773942
1577,188191.6987479171,190718.4102052839
1578,118922.806900307,137285.79245791968
1579,141851.10007914272,144314.49865399158
1580,190680.45265709082,186454.69824799075
1581,138057.53022508867,135112.1845175795
1582,127886.75853793256,133956.14771151767
1583,323984.07232500246,263000.73715697735
1584,236272.0972151792,220616.35869217868
1585,146529.93926950564,158024.17761292163
1586,72145.41433500875,69079.042731321
1587,92025.02867987801,103894.99397030356
1588,126715.09124422437,118596.09634066558
1589,112321.70670638588,104641.30210047585
1590,131402.10925901122,123877.63399619663
1591,99847.25859669458,NA
1592,126986.19646279933,120328.082942733
1593,119755.33508994721,128360.84989349851
1594,121110.02974830776,NA
1595,128837.6871830385,NA
1596,242953.16664541437,215940.63926168552
1597,196177.6356605608,195888.99397760647
1598,199176.18276951485,238664.31913560693
1599,181103.70015876723,158576.22509894747
1600,194296.90738664425,164282.11954622512
1601,58275.53184593676,75030.7232592182
1602,101369.55011886371,111202.43717655785
1603,64590.1911533562,77846.17774686952
1604,279985.5040626189,273617.9719700309
1605,250048.6430034843,231192.77252952405
1606,161182.8845369744,162138.17668394643
1607,202411.77017730413,191066.8491897248
1608,198975.88612566175,218046.36254804145
1609,186885.72812341957,201837.39700753678
1610,139736.08437176174,161496.03719599883
1611,149368.2849098097,143313.75253448647
1612,175859.60401472475,178113.9744297441
1613,159505.55198281145,152298.35894846218
1614,119370.0455544344,98703.54042557813
1615,86065.61703748011,NA
1616,86065.61703748011,NA
1617,95190.22803414933,88476.15915141448
1618,120399.71397718311,122499.55776110444
1619,133235.2402586217,137266.70074644627
1620,197223.06684542712,186972.1205865939
1621,140143.9321754272,136739.1113095264
1622,141406.04977722684,135450.5256680824
1623,258665.77688125274,224619.67025056938
1624,202449.99488645466,182580.63619015657
1625,119166.3301694467,122189.67740076303
1626,160178.5657293423,161786.63675441776
1627,174901.55881795497,168586.5588141097
1628,274363.5518250284,265827.9872893491
1629,170303.51852716476,199236.84170364507
1630,382817.4604194522,348024.09328530135
1631,220991.9917847215,227557.42308157048
1632,267453.32994440006,263186.73727267666
1633,158431.28268386063,185303.7339481822
1634,180371.8354589103,173057.4402755567
1635,170486.65868426574,176162.1937879002
1636,163675.41944782803,171357.94074239972
1637,175577.73563201522,168549.24544960278
1638,204056.51888754606,207936.81364740463
1639,178733.97497509187,178215.63410324632
1640,255785.86039872782,248405.36386687998
1641,173692.28804825898,180716.79998856006
1642,214561.57442798323,232191.91340670595
1643,243298.643776122,232928.80937689863
1644,226636.50812571106,226330.1429181848
1645,161354.8317151518,161423.32341929938
1646,143963.11353503223,151406.83181620753
1647,157433.59855635348,165575.18288721444
1648,145290.38314107055,140139.56609927176
1649,132414.02573938458,128676.14615346763
1650,122909.36448839985,121561.13386484225
1651,123360.30087169532,123216.06159629804
1652,98176.80457787136,99415.29923497478
1653,98108.85297794308,99457.69940224105
1654,162523.4601850741,150008.9896440473
1655,155407.52893824712,151758.45912320504
1656,160050.29943660146,146329.6971114285
1657,166699.55390177938,150370.38197543967
1658,166208.87635681336,147361.55775394148
1659,131932.0073838587,135255.74824950707
1660,140536.88615120488,142276.9910714004
1661,426620.55483350175,409016.3741707649
1662,396553.10987721547,406134.7604950883
1663,379415.8410667955,363911.3716586805
1664,475391.7355305335,457752.0474446912
1665,329572.90950613655,336664.5859257736
1666,271460.26699534507,300107.46495978907
1667,344013.4134851983,354492.5140881035
1668,315886.74884407665,339433.20409769256
1669,280463.3358358679,315491.6539933747
1670,330277.3928930009,343558.23430132755
1671,249465.3214126893,243818.85318700448
1672,464660.5807300956,404019.9040580067
1673,307676.2084980216,307286.7781603512
1674,259762.6321844403,266127.6254318388
1675,182450.3313697069,201296.4669606557
1676,180232.7274233932,200498.29397259976
1677,200848.26539495421,219317.26563964874
1678,468737.9331195377,446380.37773156614
1679,381941.5319696093,353038.3016756437
1680,349518.1731029355,333696.88605224225
1681,255589.0786826342,292450.9782064977
1682,286167.15437468677,289427.8579192874
1683,190023.2978832945,217821.1192175288
1684,177663.49771476176,186475.94543753448
1685,172302.14073348444,177965.51736802084
1686,179948.82654667416,178167.7059629724
1687,164216.39672299023,200458.8118303342
1688,195729.5051911574,198234.2464632215
1689,190507.77528712587,193671.3930795054
1690,185880.55561550148,187692.9143042941
1691,169828.792573996,180415.85117048168
1692,247983.7548712703,261729.51931023438
1693,162179.11570929238,197750.02528596227
1694,169123.45780875554,164417.02485940672
1695,163361.97103131833,189507.5679873767
1696,269343.37188447133,248551.33781848007
1697,159363.8416445548,186163.01829102894
1698,347031.10787020635,330897.4614963774
1699,334718.8889928801,302175.20299316634
1700,241213.1112753137,248289.00090850174
1701,273521.5343230005,277396.75988313707
1702,262642.98519078887,255937.78286453555
1703,260414.97958785354,249399.4232122839
1704,275784.60130145773,253812.47688752218
1705,220656.0925515274,233393.9413517257
1706,456397.7725921431,384080.6759817322
1707,211008.17736388938,221984.7138915932
1708,193806.86015769094,205898.16280043952
1709,265008.5578217463,266328.39267265145
1710,229169.4342471473,227180.06186358858
1711,232174.1905958755,256169.1933498908
1712,276927.372247169,248577.57069702697
1713,241765.3777337636,252721.65201968656
1714,226427.38272555041,215206.6433644676
1715,199429.9277320352,203776.82467107623
1716,181219.9745970244,184874.33554244164
1717,176354.88797614307,179876.05545401646
1718,131805.24063470078,NA
1719,200905.1622537484,199508.65998688166
1720,251160.69044100743,227767.14925903958
1721,177830.63827694333,181779.651791902
1722,122890.72848456807,NA
1723,155264.12870819974,157073.7334658255
1724,221538.1002560324,212145.8929520428
1725,234380.2007945091,219054.970983946
1726,182940.4480957242,180020.25385182767
1727,176162.42001600275,176010.3146537416
1728,189112.1340867129,183378.6548764236
1729,150321.59577753983,152564.8878804453
1730,149451.64120551135,138062.64698593752
1731,130113.58061531912,128642.71648126071
1732,122066.78349585892,127668.26573403229
1733,112990.93850157315,119063.95257334685
1734,127031.49759718122,123288.55167333412
1735,133547.67514779096,129560.1868437178
1736,122724.18490674677,119168.81189130721
1737,316541.75074854936,302710.08625899727
1738,206692.77822613844,225626.97207439714
1739,324276.8049944009,313487.9459850116
1740,219584.01385000505,207990.3663296171
1741,174963.28573672008,185452.2149297068
1742,173478.73502812337,180057.44750696342
1743,181535.65629737996,190681.56576332665
1744,254530.72107854614,284087.6644961399
1745,228089.48909186965,245469.27812483773
1746,216133.89975958894,306184.749166591
1747,201544.9700878175,210765.64281478993
1748,222043.83791196253,226485.2219147646
1749,144482.88692958522,149202.25962908354
1750,138929.90818887536,145267.74973840435
1751,218414.42926500202,224347.39379679202
1752,118427.76474647407,121226.10528342676
1753,157913.57988353522,154020.9158806122
1754,199214.93637251962,193184.38366915553
1755,154208.13028641828,161281.67080232446
1756,123547.9720081597,119545.80608996254
1757,119448.96351234075,120041.94905721447
1758,140438.2766163182,145416.86770918456
1759,152465.03839572793,161575.31074257044
1760,154900.0021863986,155809.41794771954
1761,143796.39686594062,143648.66814855736
1762,164018.40463497813,168888.69573597197
1763,174504.69197402865,173454.9194310689
1764,124369.10448130923,122648.89142124171
1765,171001.8694134373,172769.40916775956
1766,163559.1707212595,160083.97465331064
1767,187580.14793688618,178657.9394984726
1768,137616.900928639,129111.449016455
1769,163940.3690786643,164982.24500223482
1770,140745.18487368707,143713.8576020915
1771,133255.57204663043,130515.36458207841
1772,136147.66402718725,145442.5554243013
1773,127061.30341037987,121603.64112487808
1774,170024.5557878284,165213.30335118994
1775,134621.42693614968,134538.10890024606
1776,115448.94854359416,135601.6280960107
1777,101091.12395616957,112256.40769405887
1778,133344.3057692428,133816.89978215727
1779,101672.4963764764,106487.85730634507
1780,162240.99431534295,161486.16617487013
1781,127599.61395308205,129000.43803193828
1782,87228.59150214084,88807.56394616795
1783,130700.71576587408,124126.91155353448
1784,77962.72904610014,83797.10560672107
1785,121108.99024846227,121968.43170254584
1786,136117.67394787117,123835.37851638247
1787,158657.32752083676,152507.22612714808
1788,60254.8707020699,NA
1789,108541.62412293296,114022.23027770405
1790,68485.62104870328,81840.74210913193
1791,213179.11390696286,216877.6815378781
1792,147398.91107643244,148361.45283032823
1793,124873.02296716707,122424.96257101711
1794,144927.39272590526,151394.11400784366
1795,138796.41756406592,136639.96866957677
1796,101760.96546670218,141629.95996207005
1797,138629.47022208766,143826.52397114606
1798,128300.63837192708,125397.20694283997
1799,97683.49627902298,114492.24001153125
1800,116866.44065743155,131365.86400298157
1801,136226.11087486066,127103.34868579607
1802,149427.6982271687,144622.92553574807
1803,167311.3083045067,164160.30760226844
1804,142975.52211111094,144133.71216173994
1805,135632.00376104,135101.7936255225
1806,115715.92295166642,126532.13550463083
1807,138344.72192540314,138120.2216528015
1808,102750.48927395018,122204.933463064
1809,95918.3421946299,NA
1810,135534.89690579267,121049.51241964907
1811,92345.30481404244,NA
1812,107417.72803960278,NA
1813,122608.83784815867,113152.01567121863
1814,85969.14562687796,91724.86095268636
1815,70244.05662338476,62056.39417214142
1816,94097.72726248171,93440.70880933822
1817,129246.75558502386,110528.35413605436
1818,144786.48249649655,141975.21631139042
1819,110037.5800862135,126661.42191001517
1820,73320.00335594258,NA
1821,101426.41066011839,94200.05772158217
1822,144322.17477985733,140805.90937182042
1823,55000.89872216127,NA
1824,138537.88012618618,145858.68563011373
1825,118753.59942240841,134246.33865631765
1826,98608.91727291746,115145.04700901677
1827,114341.49697797677,114449.12856353147
1828,140074.45004167312,130537.40181008943
1829,130566.66452470316,151344.9841241999
1830,150487.8404842338,134582.04303220857
1831,139170.99273936925,141438.14356379188
1832,138344.06224316702,NA
1833,145328.07652933573,132007.296752154
1834,113183.12564361292,123234.15564280946
1835,129210.64537270358,NA
1836,144604.8830611267,127196.12593874967
1837,89388.18034277587,NA
1838,110794.59276344125,112566.52836684255
1839,78404.21256430606,94144.34881767188
1840,116335.9040015806,NA
1841,130656.09980333778,119143.61126744167
1842,101217.49862100325,107687.0506177024
1843,134167.45107524627,128054.61943072392
1844,113350.9899945367,146931.60265714917
1845,134228.11451019096,144722.80736793613
1846,152056.42304205225,143161.26562322403
1847,175255.5326935432,195958.95762434148
1848,62948.42940019008,NA
1849,100702.76526619533,97031.67608988704
1850,123059.84524645563,112843.1187077726
1851,148487.5613752393,138090.4015468403
1852,122397.0271884397,112916.06582402924
1853,126034.02801274556,123823.60685431914
1854,176337.22932179406,173901.571948754
1855,152922.57960485943,173971.58005149485
1856,219359.84746788203,202460.68455941306
1857,109465.2564176677,120547.35948081256
1858,153402.85178786865,142321.60936495021
1859,120693.7899398072,125036.33809682493
1860,159547.99835676028,157981.06847484942
1861,120261.08757713005,124283.48048456616
1862,278622.24616530654,289202.91824087343
1863,278622.24616530654,289202.91824087343
1864,278622.24616530654,289202.91824087343
1865,286883.62299467874,306877.0826279652
1866,320470.12408779154,303042.41110429453
1867,231060.6935125497,232955.7016282098
1868,282569.7892452963,255806.49472382478
1869,188101.26531331835,194301.61256296965
1870,216140.08351713128,218983.52926987974
1871,254838.7020383457,250603.80332732474
1872,168638.3504388903,173923.52914477588
1873,242806.08222635137,228998.35296645414
1874,135574.97253164786,134715.35148141743
1875,190275.18105056006,186683.5666148436
1876,177583.88154699822,175428.70568990678
1877,206974.8500438917,202598.01497017682
1878,215995.84192826325,202504.71058670085
1879,128475.4845933375,129103.43695925605
1880,135614.2840080743,136165.27856127018
1881,221257.70312492762,229066.98681174358
1882,261308.58978519746,243250.1211136678
1883,199759.8032548065,200235.03180909358
1884,212870.72110920577,208604.25209563767
1885,232461.3276975505,219599.50991104203
1886,271456.90150291036,253620.13703917814
1887,201981.95024942237,199044.71544936099
1888,257206.82488074503,239454.53975724822
1889,153845.89340311664,171014.65789470024
1890,121914.49407245955,111179.92200629946
1891,128386.8073110277,141385.5001705941
1892,107226.53583470943,100249.27944457559
1893,116802.70665391267,112606.40148873306
1894,129969.84331080271,NA
1895,135231.482834681,128595.89097038684
1896,118911.80619484845,114274.17126560872
1897,121336.15952846305,121033.36676554091
1898,106831.21281378192,123352.29514184932
1899,144746.85892964466,180601.5259102859
1900,126572.93543954012,157414.1728735959
1901,168046.58276642105,170552.73305239365
1902,153265.83243400452,155637.47822655266
1903,224940.3649488469,256305.9711066402
1904,146428.10217729083,149039.94169111288
1905,198548.2496851708,190672.8149364457
1906,162402.60872458725,153516.66379981724
1907,200778.9381500815,210516.1582629885
1908,119890.9773879467,116901.547105468
1909,140300.79442289154,133433.07998213108
1910,135215.10492282567,123999.99999999984
1911,197294.55305812063,223435.03262567328
1912,291333.0423203694,302591.26045295544
1913,133911.916668671,136907.93607095882
1914,65662.43824200585,85343.35753154068
1915,284097.547207317,294987.850896007
1916,55647.43927363884,52800.233294942496
1917,259530.61294486775,239029.0925020555
1918,129753.85443043387,133754.06191994183
1919,149699.1339702294,157637.99164525722
1920,171818.07478775634,161026.269290456
1921,405010.09109770594,344318.5976159489
1922,281675.45432488626,313772.76988991513
1923,199337.32565888524,221173.03415249966
1924,221094.02091486927,208589.3346139052
1925,222761.5860849081,227512.9175531447
1926,359309.30115636624,342815.95298535505
1927,131373.54036945087,132762.58462613318
1928,152885.54091132112,149308.8722178626
1929,112772.2948145574,120584.1822827402
1930,118671.17969877498,144940.22335680656
1931,139597.42573274305,137639.78440167612
1932,138670.72535494485,136370.90803321052
1933,155912.85256570266,150096.92955765512
1934,174489.54826587497,170131.2533789852
1935,162457.60048635193,164453.9635423546
1936,174515.17684957857,168879.28756595348
1937,173715.6458213731,168996.2215466409
1938,169975.75594159513,171984.2543870414
1939,265570.7255475381,272255.63692179695
1940,210571.14777683513,229391.46327401878
1941,175247.67739985365,170074.8199135121
1942,178723.2366355129,182522.8226870562
1943,213243.5711442693,231275.06826279973
1944,329435.5863256946,363899.8074193753
1945,349557.17459142813,353351.9667474891
1946,158380.82572541697,165092.64190589826
1947,313149.1349192251,320550.57450936036
1948,164677.9471039263,168451.39672941942
1949,219982.88784212642,221071.72579488246
1950,166661.40353907962,173176.30816070264
1951,251043.82872715424,224391.74336684318
1952,212752.1961070938,208788.98193667724
1953,153719.47287908953,165380.44687867822
1954,193450.2826690466,198703.07092217825
1955,136168.050666366,136856.52259556853
1956,293406.1072351638,299448.89419021
1957,157270.6294758611,164821.7111849052
1958,294463.1885851284,263655.9291073812
1959,161543.9081689608,155128.15281239632
1960,121617.32784846182,116007.33677416746
1961,128226.38857267216,131003.07489100753
1962,98555.14006363561,99534.98018210725
1963,98427.11429302665,100035.19788007224
1964,118768.66305483329,100886.96892473871
1965,159286.957225543,146352.35301960618
1966,158305.47236153917,152311.8634817413
1967,252260.120911653,281934.34649377177
1968,441852.8605645824,374557.20132703066
1969,371827.17589294486,352787.47019922436
1970,452406.62027321866,408227.5472465386
1971,431959.93340898084,482104.1642482195
1972,370745.44035449,369892.7460323785
1973,275884.0368688225,279303.34133687825
1974,306648.88996030565,340379.1459359607
1975,462285.70173978515,432683.0136785831
1976,261331.26835549707,264317.41833490157
1977,348951.6427330847,346980.02151174156
1978,362707.7182040739,346634.79205167945
1979,348187.0710669057,329384.76167016913
1980,197922.10749077142,216554.26818003584
1981,314613.51092880627,349614.1665635223
1982,216578.96317426543,235157.91115796674
1983,216578.96317426543,235157.91115796674
1984,195115.60152048813,218374.564700243
1985,207717.76519869058,199232.64483671542
1986,219054.8386550467,206615.33326600926
1987,185330.7682177404,180676.7832671494
1988,174960.9497270763,176662.62450885892
1989,198354.8269117282,202539.89217787687
1990,215882.78266623258,215671.57387790034
1991,203356.9502999202,219581.28892312627
1992,204490.55848120386,199529.9742230688
1993,177354.38033390703,184116.85093898574
1994,225772.9556078664,223599.2078530153
1995,184596.78477252997,183603.1530951332
1996,263807.52128267096,287995.70987134037
1997,341314.13712572854,348355.0796629614
1998,321079.2016872475,297902.0052725503
1999,242933.93637716016,267512.567914807
2000,314396.3571057335,312683.592542487
2001,256774.2477909231,272616.27479112556
2002,229442.7895937853,239976.23586779847
2003,272773.1339466479,245910.7284836998
2004,248414.5526068654,252149.17655577743
2005,227673.5278262223,238370.39982595673
2006,221145.68584791367,221504.53913323674
2007,260834.03792324621,248245.78364874603
2008,184560.34681286372,196823.33296100158
2009,182700.19107846086,181060.82121452247
2010,194827.02255907372,194136.2487604011
2011,133834.29191554952,NA
2012,180944.18188381146,181281.24221524116
2013,177514.627574759,175109.45449478982
2014,183877.28157297798,179579.29978521657
2015,195106.48392663538,191803.3239173925
2016,184201.6325753293,180748.1653952068
2017,196889.49389588903,193237.62345417993
2018,126165.59146006635,122801.89198140251
2019,119126.44681052041,128111.99828579428
2020,119716.39630931163,119967.80646315184
2021,111437.50778659242,118749.37496901157
2022,165228.85593378014,194776.80745245857
2023,154624.14987571986,151031.8985713216
2024,241941.13317213414,270786.57739176415
2025,397386.3659056739,356717.59590359224
2026,185612.53880968748,197948.91371042308
2027,145091.26947309822,167327.11362419307
2028,179929.2636679491,190052.6644944202
2029,171250.748941957,170388.2471080613
2030,266024.46411222575,265811.73107715714
2031,220189.21104021254,242079.04971704172
2032,240116.48195459394,268405.72650904866
2033,262408.64349127735,263243.7627144058
2034,180523.7903886397,205615.71302632242
2035,187283.24466668122,195677.36328807648
2036,210813.07060894027,211079.64903554262
2037,213325.1364536327,215225.3812777578
2038,312596.83389883646,337886.23029585794
2039,199588.2303987696,234333.29354771084
2040,369594.2351685718,390851.84601300606
2041,240190.68743404595,281695.19305670174
2042,200437.05716858606,197951.2556835203
2043,161514.0230550164,162218.5854998396
2044,173846.90531587516,176727.97087171607
2045,192086.7519867355,195590.86543255122
2046,154737.44220173836,159137.12289370294
2047,146531.61619262115,140232.39132356943
2048,138213.11167821975,134172.1843663503
2049,156502.03605342394,162123.80359770363
2050,171898.5486117832,174457.48762887085
2051,94903.42850748387,99022.04899082243
2052,141665.88653410343,136202.27188587896
2053,140138.98711564485,137873.42204333615
2054,85609.40128822549,98138.5993042834
2055,137377.0673360173,135597.16833345898
2056,122203.64533221576,145879.7329762692
2057,127544.74382178849,124785.96506505155
2058,203969.54925268094,186492.73353162047
2059,134712.868774976,129845.2203433021
2060,153251.5087724786,152353.24288727474
2061,162357.23518006358,164063.82510921537
2062,135672.23748773686,129843.3754024043
2063,116582.91313736331,126821.99135129794
2064,142517.29365429585,138154.64189016365
2065,127786.90961826695,128769.41846091559
2066,159420.2370007062,176310.23941717533
2067,120097.87863315262,123760.10797801084
2068,160113.35085674733,163315.57083587543
2069,85598.13509674915,77636.25770165448
2070,111711.71796273332,104898.21830110466
2071,88751.77732140668,92251.04793101107
2072,130257.9737793428,141541.71767047906
2073,134444.88372786337,134672.25521212938
2074,164854.72325968315,166917.5172392093
2075,144422.96046177894,139192.87872416587
2076,118809.4463831555,119659.84717630346
2077,145111.7497924933,141244.03317669663
2078,131906.2165753053,125739.53552938353
2079,147570.08591881223,150102.95041281244
2080,124580.76347102824,116612.77088913805
2081,132511.80316813747,136635.58401871647
2082,140797.00565554603,NA
2083,152636.12818144023,150440.9552241604
2084,111887.10977324001,118592.24387838463
2085,132893.24251298467,128556.397446029
2086,105230.81681127448,128415.20253546916
2087,126336.80518086247,119161.5171095584
2088,100064.79346624675,105140.5582343828
2089,84734.83340098026,91374.51875463426
2090,130102.78549992498,131882.68550069706
2091,106635.26768936642,NA
2092,131593.48034269968,121095.88398116762
2093,116150.87988392726,117394.19245389166
2094,118504.36450368521,NA
2095,147575.574676309,134138.02189049718
2096,77720.27317919127,100188.6581058482
2097,89726.82918489818,NA
2098,145972.589738648,135049.15305074555
2099,65442.75447847889,74669.95485468046
2100,90980.91443316554,NA
2101,114164.653023218,110743.86734542408
2102,131660.26236523138,125248.58885062339
2103,82385.95546772181,99064.30611988691
2104,160089.07388329186,146636.15654186078
2105,106209.20020415519,NA
2106,71748.06754394951,67018.67841479719
2107,185662.46371454932,168354.08352490995
2108,114558.48506658351,102826.67825792197
2109,116949.05687144877,104417.71654005999
2110,123870.88159784835,121189.26614795545
2111,161436.87109040495,165352.90711094753
2112,144990.57051230443,135843.3220145262
2113,122001.6096711076,126175.55788796516
2114,94717.8878690241,119481.73910345526
2115,157341.28870941867,152641.55932341176
2116,120045.20398857063,119467.98678684075
2117,151463.31843474903,141717.42943161284
2118,131941.19264539165,131669.01960708582
2119,110517.04751693505,108398.95546391436
2120,97391.13530851017,117189.07260461658
2121,124660.986328172,NA
2122,112028.26250176765,108268.478201357
2123,86126.29518377778,88115.4746114528
2124,189657.9449915459,179148.49661366147
2125,150254.80541963896,131793.01398396643
2126,161575.0315351347,163158.78665214678
2127,150595.80423465552,NA
2128,127508.25791137379,125627.23583249818
2129,96812.63653095975,111378.37084874844
2130,136796.59528478296,120433.37103936414
2131,151993.79021702573,128784.42057690611
2132,119459.55820385812,112371.88126427087
2133,118521.43107638511,117791.45482087786
2134,117927.58528709174,114203.73374705462
2135,81878.54588971524,96393.0446956638
2136,67373.56950813055,NA
2137,127708.4506916524,123871.03153731985
2138,140631.27310297542,143284.8877856485
2139,150595.5169943208,145120.3364498972
2140,133113.69550276693,132246.3328981036
2141,113497.45312992772,147121.99932308303
2142,129477.21097295619,125300.37355413234
2143,143625.90098172007,140471.7434296602
2144,109914.76280412987,128995.3628169872
2145,133194.07788870623,130577.47187139512
2146,142234.32592097973,147226.00872674142
2147,172622.53571318608,192348.14694325265
2148,131028.44865244805,153759.60416274544
2149,138444.8981789539,147016.81499823515
2150,206518.5988611184,211402.81694542474
2151,117140.71464441161,125093.55714654863
2152,134851.69126333375,NA
2153,148422.85983031403,134116.12131663057
2154,104216.5122889965,NA
2155,122461.82829566562,121212.68003782805
2156,269756.98783915455,247374.27655450182
2157,221244.620969659,202048.89300978178
2158,228241.5890874041,221982.23619048853
2159,212616.29836501315,227638.42592972098
2160,168956.76650949926,182031.47651254863
2161,263916.7328186065,241346.90253395407
2162,366766.9877702973,341483.45114147756
2163,308019.70600570383,307701.4431336592
2164,244140.97025073244,224035.47248689155
2165,180812.56438006336,201096.6377994245
2166,142983.97624933897,143114.282243057
2167,201108.1681392061,198811.91539764855
2168,183610.92747945164,187726.13333760673
2169,193630.61292724352,195960.88549795796
2170,214018.17163595243,209057.4223965757
2171,142240.29447800168,147908.22696910135
2172,144805.95310013308,142881.74401759106
2173,157473.6913965306,164209.97059590044
2174,250989.00867724433,224562.3361953057
2175,298800.96720921394,261208.44993961643
2176,273470.1514209626,267062.1264393484
2177,252919.91706150188,236477.65315650892
2178,219561.39845518055,219521.23935953676
2179,146760.8363492163,158595.5742517063
2180,219704.45910891896,208788.07642423065
2181,203916.64627351635,199143.03105041423
2182,238035.9785303829,221427.38723741277
2183,198108.4955782199,197456.481564992
2184,121933.56346244855,114319.54936772857
2185,105103.54096029438,124453.52924333532
2186,141486.04216311476,133454.3727613929
2187,143353.58262760256,133048.13306993572
2188,138678.26367661677,134577.2606357209
2189,219850.96762614127,238082.9888769263
2190,84035.81357359272,NA
2191,84035.81357359272,NA
2192,90283.4774811673,NA
2193,99391.80282396586,NA
2194,87445.56726716021,NA
2195,109809.15114402915,101342.29563307941
2196,102726.87604666657,116464.20138079123
2197,112046.64039102466,109925.0550904791
2198,141230.84525391267,148588.86905968972
2199,166413.00408832336,167560.38493604495
2200,141372.07008006563,154493.21946530926
2201,149273.15884661427,164800.07465717127
2202,187702.90753603404,183127.35809293346
2203,172947.9797039782,176904.97000955566
2204,185572.53776113197,187374.011081705
2205,147464.572591953,151356.86227058206
2206,148398.0909932085,158027.351470086
2207,212765.18192795265,224534.8845999048
2208,235372.27933689195,249774.44411142243
2209,200009.90454083635,193678.6871058435
2210,121388.70602735337,117694.74165873147
2211,98253.14240590307,107439.10027496915
2212,105281.5092420578,103145.96801178418
2213,96273.92581901245,NA
2214,115007.62597663882,108829.4131914176
2215,80572.92082005944,102262.05900355971
2216,152893.85196335244,131544.23684794857
2217,55320.79757400686,50925.01797251577
2218,62035.28763320718,100886.45178222783
2219,62649.69462214368,97749.58595024643
2220,64052.70981505626,76131.6808351615
2221,290395.46249603305,296206.49856339087
2222,257963.19041618297,274172.0629603517
2223,273640.24747150386,254250.78791276808
2224,215595.15026910912,210349.14835716883
2225,135006.75002682258,124365.73583817702
2226,165259.11319405277,151601.1058651942
2227,195332.8750701158,209723.31084780407
2228,262913.13804902375,266555.5950677407
2229,227446.9596815636,232048.27999415967
2230,146427.40395058593,174739.61264992578
2231,210528.17727052592,218400.19655926013
2232,183367.8662955141,182058.12641482227
2233,173466.49266570105,183792.89498316683
2234,219712.6308315722,238155.0123929133
2235,214665.95744692552,221720.3532791435
2236,268474.51155394496,243263.58939972575
2237,318336.05205453816,299390.70144110767
2238,187460.1502574138,198629.32808866294
2239,119896.46573274373,NA
2240,156366.5730563117,163105.3103406226
2241,144863.9661599698,140956.05953030856
2242,132406.3228340833,108475.14177978797
2243,122564.06189221624,107000.29742126228
2244,96218.3938117255,96518.8877007565
2245,96130.9843865599,93801.00760551219
2246,137556.28017648848,137175.5182405406
2247,95881.11876321923,NA
2248,117988.21975427265,120323.52370489998
2249,126305.72384381131,130297.00202965889
2250,133157.2458119751,130828.82336006073
2251,107654.42568783966,123504.15751304296
2252,165646.9590292959,168095.08021194293
2253,144522.16257989724,172085.38962459605
2254,158829.15550137754,186774.3700030654
2255,177947.01745934403,176636.23750109796
2256,185566.5206503146,190397.0413343144
2257,200104.53657088996,207779.5244741827
2258,177845.56312822032,186193.37865046074
2259,176098.0867971376,171284.9738694701
2260,147869.30948929468,153116.5529614952
2261,201053.70640268357,209424.14411109278
2262,214367.06634682548,231249.7442575243
2263,339232.4066209266,369721.8020723694
2264,482226.9004905389,385738.17424871295
2265,167191.83945102541,171127.83023706652
2266,292351.98421559634,312262.1237667493
2267,385103.1118846033,322176.3938377733
2268,380780.9808783243,404842.8993777724
2269,155686.70897029672,160705.77916089873
2270,178433.3750405449,182092.41630438875
2271,207761.3509021622,206064.79541704166
2272,196215.80584079275,201429.42796087367
2273,158239.81280654587,166158.0814001277
2274,163580.69781027938,165067.27300336194
2275,142144.82761320996,158819.6248168637
2276,176671.8668917275,183487.446548433
2277,177473.832868133,171842.00682666225
2278,156573.69385778584,154031.19694583805
2279,133016.7425047759,143425.6750047129
2280,119471.06533112327,113684.46864505713
2281,174153.06503612918,175088.05922999614
2282,175232.80344661773,176582.3668683544
2283,107140.67170816727,102503.12509175083
2284,127877.36771089079,120784.51750195594
2285,150902.026396149,144281.8304025553
2286,127253.26997227162,125826.50316698178
2287,338506.88523811055,346140.7919128663
2288,295635.42403513787,293237.56548505777
2289,365757.5233742434,306732.20088265167
2290,422641.0377354768,403960.62863849575
2291,327464.7149354722,365728.6143647897
2292,387966.6113745137,397482.85923557036
2293,466703.92829511024,419244.2359875122
2294,443793.79508185753,414870.2580508225
2295,443591.1114800721,426682.6224261776
2296,331841.8023480183,273381.96127512254
2297,285211.6534738297,322941.46517995856
2298,332786.22418583365,342682.9252195188
2299,404526.7963405016,382050.54541662824
2300,328419.229672484,321876.8085963694
2301,257142.07581293027,298529.43702602736
2302,245613.39790384407,252568.92817126977
2303,270987.9531851215,255975.42100563803
2304,275302.1381003912,265969.50187671167
2305,183583.08773950528,203619.9976387146
2306,183583.08773950528,203619.9976387146
2307,185453.64750808055,204424.22596606842
2308,252727.26832665724,246645.9885151668
2309,275369.6215996962,301894.72813461715
2310,214063.28350349262,231159.80632880787
2311,190068.4273432176,218345.87922637683
2312,184777.49653514198,178808.17433323804
2313,179131.23493644258,180695.7563805248
2314,175882.41456277252,189901.38538437017
2315,174118.68857378257,177032.4188362465
2316,179317.71161882527,200674.3159843997
2317,172010.7175426515,179982.65792978843
2318,179759.46491476134,177645.9057814596
2319,184925.75574596753,187502.78408032423
2320,190314.199274553,192135.18233956344
2321,238050.50759794825,221666.67305512202
2322,189967.6710900809,178617.2012443011
2323,176871.80715581865,186535.50286037475
2324,162843.5304571276,198226.4315855224
2325,224023.87353705283,206673.01343436813
2326,163129.06778766974,199078.08182253054
2327,210275.55163869297,213690.429345931
2328,216430.71337090747,216196.58421548898
2329,175870.84119439556,173214.93304997854
2330,177661.1256536393,173318.6193216764
2331,339667.4938388776,323696.0133810057
2332,416069.9304417896,419240.22490933933
2333,327830.6174053082,325079.4346201527
2334,256180.855715382,281765.8932052837
2335,268332.4479526558,290495.316641161
2336,331062.3043880378,324552.23629912006
2337,203963.5191761198,204112.87758369563
2338,264097.0055188973,244220.76908184987
2339,242877.18120954846,226264.04117136486
2340,342745.7659772983,363376.47220333485
2341,228878.50519799042,210903.233946359
2342,239619.62202775775,226191.78343896766
2343,222297.45751935017,214887.71778892592
2344,235541.36553825092,233685.1134862906
2345,268354.7124127068,244105.114357419
2346,216283.5963679643,216954.79735632625
2347,198014.24097015752,204446.36567298986
2348,232029.8699449541,227707.46977617487
2349,180068.48093895384,174885.3559333285
2350,249772.41368690314,284477.9121683022
2351,255454.3206396907,248669.47007018345
2352,262969.3085677054,249825.7326862383
2353,250623.76780375422,249338.86791272182
2354,125899.84015314843,NA
2355,143026.25443941186,NA
2356,156916.91110355977,157552.89508069542
2357,216914.65498065893,198353.2969411888
2358,189417.89786667028,187131.36281500556
2359,128256.84169292096,137166.98849638525
2360,124135.07301603603,122140.44949431275
2361,140805.73382978456,134682.58079439003
2362,273832.384862048,285124.01636015374
2363,126525.86717177484,124494.07384480478
2364,150220.99158077902,155880.87293771282
2365,208784.468684719,217567.64191093878
2366,200186.03992772958,207687.13936322177
2367,246474.78573794698,231244.00618759196
2368,198951.2189658204,216276.55841625156
2369,249023.43924042454,230988.90639406332
2370,166632.31975440026,168360.26357015825
2371,177012.03500742215,183539.0606207331
2372,195959.7962330121,204680.6299532459
2373,260867.37277781984,260201.8256264409
2374,297104.0244341885,288022.7304961712
2375,237140.97680708225,253756.82280123187
2376,279192.78999108035,290475.19289636944
2377,380794.41736920923,324117.53899092716
2378,138276.52743257626,151454.86452190735
2379,186618.3976680779,199354.4200649308
2380,141020.21390454672,151527.16076357148
2381,151841.3755748813,158607.97712454566
2382,186755.13186467515,199820.58234397616
2383,207483.54971529037,200227.26307191842
2384,230712.570651481,213094.06966208084
2385,142470.41033492304,148978.58842444228
2386,133411.84907425594,138318.5322253134
2387,137440.75486615306,139563.0084867348
2388,103351.75335939399,110904.5660790012
2389,133624.36904989686,142379.9333353504
2390,137202.01333176994,139555.77018874546
2391,137189.97593677114,134424.45927630883
2392,124042.88504947897,121488.53168782036
2393,160093.04345109157,161153.23665674392
2394,148430.92828692496,143202.94738907268
2395,184167.2046064089,184047.250694866
2396,147827.85538682426,148434.73008359812
2397,192115.6980540647,181301.08142347325
2398,121940.54081375765,113864.0129368555
2399,69882.76908592887,NA
2400,70053.25815047417,NA
2401,115014.2070112875,114039.13136903876
2402,133730.9472591039,128925.07486690795
2403,162525.63013520857,165800.33428633946
2404,137406.6796762694,145544.28187260064
2405,159836.59805553028,151520.96100357053
2406,136333.07395793806,141138.8290150885
2407,121041.55732794477,119559.01348348477
2408,147692.43511147436,145548.20517805303
2409,138273.62628502876,129781.01674005778
2410,173877.08249407803,173791.03069954945
2411,125215.27699205282,121850.48074224537
2412,145191.3460382207,140337.37545802488
2413,132868.27750649498,131432.79225432582
2414,135519.25769858656,149989.22352910414
2415,160300.66679421344,152868.85516567522
2416,130817.06304901636,138134.94673427346
2417,133660.56551488957,133897.7621861185
2418,127483.93976973141,130566.87071518508
2419,136195.19430498188,123731.66124260082
2420,123875.48888737614,122335.13175036124
2421,139491.3602945893,137383.38469899463
2422,112553.43016791152,105487.71234160743
2423,101124.67984295134,NA
2424,144658.67676183625,132980.85386437838
2425,234775.9472960161,251640.93253422828
2426,121611.99268880581,108175.67898822471
2427,111692.32981128183,NA
2428,169553.84141785617,173751.26034282503
2429,123533.8337594015,120745.78220117313
2430,132136.12115010215,133216.27197138287
2431,126467.11675456262,132334.68952628074
2432,137632.65094875637,135315.87307875577
2433,139039.25944308416,130362.28764968456
2434,139112.8714364133,133011.52614501936
2435,137210.5186497312,138056.56095274512
2436,97493.72924475883,97550.48930016882
2437,118216.75053944504,120641.81266698924
2438,127015.26485195252,124166.14197714246
2439,116334.12885484559,112283.97348125199
2440,131599.00238270356,125681.02847982406
2441,99760.35809137949,93580.92815046202
2442,95395.79727570545,102365.54272471849
2443,115232.47170367824,115081.78033127951
2444,111749.86491721918,117244.67417324672
2445,79680.16682758693,88749.72578934787
2446,120298.13843247421,114551.20018790897
2447,189088.14874680934,169165.7209100333
2448,139416.61730807213,124729.40916108241
2449,100537.23488405353,107941.79865590092
2450,145455.08648969475,135377.25509776355
2451,123323.71823420431,115120.18133619182
2452,158109.4800974219,179204.65261735488
2453,84682.08064519681,79235.83239747217
2454,98714.95929633094,89076.1714748039
2455,116491.88974380135,117913.01730146675
2456,131037.07113611107,118295.3612396625
2457,119227.71525821747,120588.37687970645
2458,114086.83260967425,123189.85169428193
2459,114516.4305986478,100547.67785770305
2460,146741.52272698286,143601.5180888791
2461,118340.49238830617,122758.51853735547
2462,133902.59421360504,123970.61834448007
2463,127237.37291942305,133851.7988659706
2464,163311.656973486,146240.3786999304
2465,146664.01390954116,148843.23437735043
2466,123677.64804361975,121181.44261117763
2467,140085.2709546968,139030.35486694533
2468,82441.13030192004,102436.22885245335
2469,93193.57597906033,102831.75320763225
2470,174161.53564132663,174604.35826053118
2471,181719.26354293968,154955.95565584578
2472,173933.4714765237,156678.8459378139
2473,111643.23531747978,102343.2891980294
2474,84514.58857854022,85656.01887203289
2475,197616.7502627382,192203.13130616397
2476,119158.26151824574,122596.54065170378
2477,127472.99811915199,124766.42456101342
2478,158436.1177272015,152050.5900881311
2479,124394.96383852244,121626.8860626999
2480,143544.01430841786,133601.3459962184
2481,126920.9379500949,124182.55759314755
2482,124154.60814143773,130855.37009740547
2483,116736.22414243082,119990.7022836284
2484,130640.5251916331,129593.19240536014
2485,125781.50835681442,127964.22631137898
2486,139551.90220688083,136487.46074566199
2487,169276.59097333957,186209.5313851096
2488,140256.37911830822,153426.10711834978
2489,151533.9697987231,161782.6572287747
2490,140928.11949674445,129529.43853184122
2491,79006.56823527666,81490.1786294075
2492,187803.17901061862,200546.5644256528
2493,122795.71709796626,139712.1398509366
2494,140989.28498547713,140743.68907048617
2495,98864.76001345017,111674.76688280022
2496,242611.41928399605,265638.1956634503
2497,142814.03502807324,143088.09429358513
2498,118531.60437482868,115815.15379916328
2499,93335.08705119345,87491.12510774643
2500,123302.54996019938,116010.84091322997
2501,116623.39080506818,112221.03666272103
2502,139180.01831536234,121190.63140464673
2503,90976.2291295966,89745.99251431902
2504,192149.7793941955,187397.57293107564
2505,211618.19284593983,208971.91739579462
2506,270419.21807885636,244032.06244885575
2507,348271.42402028583,280888.8213161397
2508,270419.21807885636,244032.06244885575
2509,235967.4255978065,222874.50430248145
2510,239696.1884688887,220380.20322977816
2511,188107.90279749624,194093.5827169352
2512,207485.92420111064,208436.08357495136
2513,210083.92721378413,201118.3637391554
2514,226879.57790791636,259445.45239121644
2515,147777.1110884206,146620.81651317803
2516,154546.89907354722,167202.42569305166
2517,134360.7992960662,135185.5393944813
2518,135716.62485925548,137974.31489687753
2519,216445.1622288256,208479.7617842291
2520,196032.88102468758,191977.54455814682
2521,199678.0925762666,198099.58302506662
2522,211024.67919981762,205417.51704662727
2523,130359.00757242246,135658.9250875947
2524,143168.31882401402,139167.33745648665
2525,144924.35203911448,140002.41018886617
2526,146692.4104015213,144322.43264068488
2527,129192.28602883435,129013.26860314283
2528,129897.47674939361,134605.61150171893
2529,135634.3320758426,155966.1962343298
2530,107916.54822954097,138180.7211531325
2531,225433.2293555837,211094.21377331603
2532,222723.56204119505,213123.3630423576
2533,198028.21577493416,200767.34606314616
2534,240027.19094932877,222723.56094852832
2535,304512.4590950716,258869.38541901662
2536,223765.5100450361,218156.18833357404
2537,206141.38595306224,209809.49702298138
2538,193449.3602236471,188907.45556213858
2539,182787.15624878445,188290.6928893714
2540,179141.4852584058,183032.23087072864
2541,186809.2834900568,188586.13414272445
2542,168687.89243587403,164924.73140511528
2543,119024.12925898559,112609.10780391538
2544,125865.98541759134,113841.24580563305
2545,126163.42568557383,122440.1188138894
2546,142313.70107427076,133971.49622056456
2547,139621.6577564912,130422.25052863004
2548,141122.19289846014,125375.74213006115
2549,144128.23660143098,131484.92358539734
2550,311274.80749709246,698574.4737833113
2551,131643.06149981095,148413.8588334304
2552,117689.06265320431,107677.81924973206
2553,81348.81075317165,NA
2554,114071.92762228788,NA
2555,93202.90856003694,106132.29013853746
2556,96284.8524149794,97510.24378761297
2557,113997.75804176174,106465.61166103292
2558,166603.71770428884,NA
2559,152231.70000241723,159191.8788475814
2560,140214.9196904759,157512.9217051302
2561,128758.33751325277,155406.09927778982
2562,142223.74591266713,157478.3007091205
2563,154052.4667663057,158334.36356427002
2564,194865.48746925377,216046.63939086
2565,115194.34437745178,128848.47269022104
2566,159740.89878432036,164959.19423508638
2567,154649.66291220504,162791.16135225527
2568,200684.3699649711,192606.62498497588
2569,194733.77203686454,191443.2097637974
2570,121864.39300165034,118257.70041237646
2571,207760.1620798556,195654.11644181545
2572,173866.96758154494,147360.46466476188
2573,215333.77480873207,218458.87725047633
2574,280754.2282516451,346759.43561063055
2575,132291.33766584203,131654.09524735535
2576,117689.51160602081,NA
2577,148398.7986169039,NA
2578,88884.93314442324,96568.92082311644
2579,63921.08192854652,59669.0692952224
2580,116918.72402955254,NA
2581,122919.56274329835,110174.18096143773
2582,107879.40115629173,110361.23969001554
2583,277221.20664065704,257479.8349804802
2584,161101.58878884866,167957.87657277443
2585,170439.0265569208,173459.5207801619
2586,188823.61031197704,189970.56215404836
2587,191289.15819816195,180404.68714666105
2588,140666.28209780666,141001.71675302755
2589,140892.5078692351,146403.76594364943
2590,212515.3440469944,209508.83959534887
2591,182031.99574590274,236839.4714655838
2592,239224.60831840933,226938.03456727127
2593,251057.2363254763,258501.76060398953
2594,179146.09809464752,194335.7742868449
2595,202925.51035004287,230299.05112429312
2596,303209.0075753639,270953.0129424966
2597,190062.08319750585,197768.09776176643
2598,261812.71722860317,261717.29975921457
2599,320884.8197773183,358678.2315839534
2600,122073.88488992446,136865.11136942855
2601,146325.35902343382,157151.66847764372
2602,95169.62288011721,88597.3458136483
2603,98351.29786905763,93580.90289183185
2604,85954.30716649057,NA
2605,100004.11827629044,89224.44133858112
2606,145373.26604774775,146368.48166642443
2607,167376.422043644,157659.01450786393
2608,174733.83840730792,174908.79700205376
2609,150457.27439496186,140272.79331872394
2610,98746.40802495321,NA
2611,145039.804675863,136476.00151713562
2612,149283.55141035785,142743.56966239552
2613,118315.7787952043,121057.71432515602
2614,123906.20853049147,123097.35523456137
2615,149201.4271855501,152303.93678735406
2616,137338.81659330102,142459.54053340858
2617,167242.2324592212,176717.15375581197
2618,176823.90879141065,179712.29136040751
2619,192854.37876769857,192480.1191253979
2620,170778.43140433417,166378.8014017819
2621,171182.98521866862,171617.20709773918
2622,176431.59750737646,176980.40734240977
2623,261688.65317877673,238018.10361286596
2624,305137.764973766,247772.92064610595
2625,374669.1318861148,310950.7097967939
2626,162637.2666386564,163026.2666111167
2627,197234.72861687312,209291.4766572997
2628,422124.22433234024,428297.0426030846
2629,485210.188663421,536016.3367844844
2630,361047.3763339706,361813.7250691089
2631,435323.76516636193,440441.8975143051
2632,420329.368311989,427706.3898230561
2633,306899.6170202484,297546.65899792884
2634,382020.2178108688,367252.6444712903
2635,145275.5579068171,155615.532198
2636,186896.77865261983,184628.9260770539
2637,160689.74794744403,176281.96080138965
2638,245992.21534090352,247404.44278762807
2639,183793.82915860703,201195.73270959946
2640,144541.73548518142,150766.00294933075
2641,124719.9681965048,122414.42957260572
2642,188352.57666341384,179483.19927896422
2643,115707.42583183518,108995.53194368276
2644,143134.73468569672,115903.93301062613
2645,100962.88503411895,100829.23764653265
2646,98429.17941871211,98593.58451752178
2647,107140.67170816727,102503.12509175083
2648,151287.33908372873,142598.41905256908
2649,143479.1406506506,142163.97732326444
2650,150529.75338365237,143419.9651877451
2651,163640.4581268089,146881.5459953933
2652,413633.62058029673,391900.55504249665
2653,265613.53144679463,267408.68246892386
2654,273089.6448608027,273825.53342221276
2655,344301.9146982925,354370.84866010555
2656,320142.66141925345,336276.6752984752
2657,346800.17772519897,323805.3929167123
2658,295822.97417534096,318653.57358954736
2659,309033.9333356151,321884.5631069634
2660,353538.3806435074,347427.6591679982
2661,308543.91036910453,324187.96302023856
2662,324159.9275156895,344354.5694029514
2663,282271.3625437746,265466.1250152165
2664,279573.5348358021,301178.8970270818
2665,298083.73080715764,333958.28426780883
2666,295417.28232583316,288368.1220156878
2667,170230.12274685295,176971.76178901555
2668,191155.12022517202,189850.88441494826
2669,181504.14994563704,181951.18775111125
2670,294033.0015672999,277355.3343520778
2671,191155.12022517202,189850.88441494826
2672,195543.11750037363,184228.80353026843
2673,204218.10449493848,189958.5041414069
2674,209301.00926174255,192238.31809921813
2675,181470.0530791316,175745.39145182972
2676,195050.857228039,197231.2365588412
2677,185393.17011087647,182836.42213642513
2678,264129.24601272517,252097.50718792688
2679,260912.4064719964,275673.61471126025
2680,282743.11834790406,293749.78353683837
2681,408063.63912112225,423564.6469015215
2682,337717.52828714286,332309.6141813095
2683,462773.56225877884,513143.74047068815
2684,325200.0070487703,317625.84742429014
2685,341157.28050231526,338029.0455246346
2686,273316.58193459327,243739.29511563032
2687,261509.02683085052,269276.20830773487
2688,244898.61434957111,225144.37743945548
2689,210976.98839400386,213403.82629023452
2690,405732.2466793897,367339.6382097868
2691,192202.37913079446,194264.75687665233
2692,129433.75329198438,NA
2693,191151.83884105537,197177.40095995448
2694,132132.71876788215,NA
2695,199910.36029324145,193279.5802953376
2696,192553.53462283954,188136.4294860312
2697,186740.17168368623,179304.42413582822
2698,183484.89444922595,182321.3749349902
2699,172278.31582421644,179694.71726481227
2700,165376.25470504974,168680.02343451366
2701,150634.29939539416,160720.08118095624
2702,132582.21221674114,131443.07590782133
2703,132628.7507458361,130373.13214811837
2704,137036.19962458333,141405.69654054844
2705,125959.76854191901,122775.87513716998
2706,120009.48998788395,120766.21866789758
2707,130684.1387835626,128368.64389816886
2708,127513.12209632513,124038.61357652543
2709,107163.05108415952,NA
2710,123712.32995559146,121579.85061592772
2711,284107.572071233,311566.7612114681
2712,356620.581883233,370195.2275956635
2713,181744.39406293482,191815.2549581735
2714,159793.00815894167,178194.05268805136
2715,174241.44534406415,181304.77784543388
2716,150914.1155169696,173937.075036496
2717,178653.0272072936,196480.67610406337
2718,244425.6567181823,231501.59702893178
2719,144752.10463268106,144787.19112148046
2720,158507.75408960297,170328.38029842533
2721,138871.35781114697,135943.29361968208
2722,158327.21394000165,153867.26755949509
2723,147498.89131223073,153798.38991646285
2724,121051.94693984259,124965.23570346137
2725,129527.4771056564,127138.3457062068
2726,143233.87153977997,132216.01664076792
2727,165859.2543086326,168732.07196415385
2728,160923.6190966465,162804.22631894102
2729,144956.55891681093,139096.66126882483
2730,138879.5692719634,133035.23959417053
2731,112827.0505416251,125032.15102531407
2732,123564.23299460282,125985.47132061979
2733,153159.60611426193,150647.98649903067
2734,147796.27910915087,145195.67590406575
2735,130856.61725873782,130782.23656681975
2736,143684.9486026972,140480.57331828977
2737,124987.63929647372,123101.03714118269
2738,155368.8511710706,155917.3751105239
2739,157317.73210494957,150989.20376871544
2740,140436.13369936944,142533.7351895671
2741,135459.04421925105,128640.12638419741
2742,155918.20553491544,155370.35020411556
2743,145660.67260340723,136611.45445719798
2744,143673.30155887283,139957.81717204594
2745,140674.19721615533,144736.95824498488
2746,126844.70427233055,125458.84755919153
2747,132973.11133407397,176019.06680441744
2748,116571.46184217652,141055.28177617368
2749,128106.60313337806,124593.38887693104
2750,128275.19043671913,125937.00223093262
2751,121205.23954694143,121262.10696057788
2752,194255.03479438915,216820.41882337208
2753,151424.90023819727,153484.94375591364
2754,218060.40298133896,179320.48407841942
2755,144626.6739956553,150178.50800774546
2756,78987.28163260539,90927.00332876483
2757,86532.18593652379,106316.61450453138
2758,63397.57203893401,76103.45792453593
2759,139940.26006778603,129601.5174261758
2760,126245.51046168161,113973.17371896867
2761,146271.224535745,138768.6310413313
2762,144323.82643696878,143327.64297322393
2763,174573.93709302202,176848.99410591694
2764,131545.4232800895,146767.056555848
2765,224341.7916499979,210290.55830188072
2766,143071.68332509822,137780.2483872366
2767,89034.42033040462,91460.27331812486
2768,138579.3723235181,NA
2769,138251.60592232685,129872.2092955286
2770,154694.65279640318,155111.87076838146
2771,115692.64012398192,121131.98328633503
2772,113435.44823221659,NA
2773,124066.19183983246,125556.89720625506
2774,140982.02439649586,122959.56685167979
2775,114227.16544412337,105699.98714529787
2776,126418.6410706825,132212.1128111541
2777,134395.1445073562,130934.77181698784
2778,102619.4603207445,118712.57137567874
2779,130320.47376150893,122746.16095619262
2780,116731.21443176882,113685.70388295871
2781,99867.35261220843,100116.15027275668
2782,88780.136668121,97926.30055995268
2783,94650.1638639235,90958.9796212456
2784,122457.62394029243,113667.6540695663
2785,141622.79489044697,132615.6479114559
2786,60794.566172635044,74009.7282479251
2787,116314.27124723434,109350.07070272422
2788,83118.64113146017,83421.57419678863
2789,163819.55763634792,165543.36962005572
2790,96097.61916601771,NA
2791,128702.10992505122,114662.85005710127
2792,70245.46344650554,NA
2793,152801.28944100815,142524.0614941012
2794,102900.52563611537,101604.83031864482
2795,122995.1968914016,128125.54057250048
2796,102668.50315108908,109186.72980502559
2797,195475.4350152006,176687.5960490224
2798,94425.84732838286,105403.26863918919
2799,83038.69711245173,82943.76486098497
2800,80496.65354835258,NA
2801,109870.7456073322,110861.40571905611
2802,133665.15449934066,130404.72165557908
2803,187749.81359550168,179088.32481678564
2804,115444.10417260054,121485.00280148961
2805,89127.53121274115,87915.50424094373
2806,107482.38869918781,113307.32017023533
2807,151579.78798189943,147859.2794288853
2808,137467.75890098407,133829.30804679505
2809,133529.84566625673,129258.60732889886
2810,128745.19917497222,125132.66017500745
2811,151954.3679707777,148698.76905152298
2812,149632.4774788372,144658.29967531687
2813,188294.02704763933,172615.78712154008
2814,183418.41189818238,171045.53807560442
2815,101620.24653287165,110576.25138996958
2816,217354.07099152353,226656.1612559694
2817,147092.3626791717,159340.5126330018
2818,117615.56972603603,130034.57733197155
2819,170418.87225842272,217078.49109961183
2820,125115.96266268348,120872.21299666891
2821,119400.7866091257,109823.229082332
2822,157159.22941454902,161914.82185261548
2823,296866.96228347876,274375.06410617416
2824,144562.9654350666,136287.47241035616
2825,113580.6123298698,109392.94641821133
2826,126712.43266271682,120789.02508303887
2827,139691.7146158829,133896.0076790137
2828,224055.06813686187,242357.46750349653
2829,192370.1713038554,205558.89349118219
2830,254485.08998064633,226579.45770061392
2831,185373.01536143429,190033.56336397142
2832,234452.18635944536,207493.58619361967
2833,266532.35162279435,275224.59323325363
2834,217001.76342663495,210133.30112088678
2835,227887.06408637587,210321.03454432287
2836,198466.65603628085,195630.85321784648
2837,162814.64709871268,188886.56589611524
2838,149337.51895416775,147266.82379957667
2839,174184.45816819943,173953.5103273766
2840,188867.01390028844,186178.38557559796
2841,199799.62313330773,201074.0303789938
2842,207722.12335754026,206162.66753416037
2843,139352.01420610788,146042.01207420358
2844,167524.93779464002,171433.8425891295
2845,123373.71330226216,126249.1440039048
2846,203051.34111719928,203620.1570361085
2847,178201.2464587343,176144.6994380125
2848,205762.70347478706,208017.36092703103
2849,208847.9955025406,210965.76795377373
2850,271844.2067670373,258321.8180533061
2851,233886.51138190535,219078.49187489465
2852,222348.9795691248,220640.43278279263
2853,227609.2672011302,218131.6790052964
2854,147403.83116137495,158786.49856054195
2855,186998.04617701017,197563.9826307454
2856,209403.43216679117,202946.11930670636
2857,197933.8105961802,195931.89152908415
2858,193049.61794329312,197385.21976142222
2859,116333.79601784826,111130.99566575975
2860,112047.92268184424,NA
2861,128751.21563077666,118888.32682472683
2862,183420.3360544798,177097.30423125654
2863,113687.24910547832,NA
2864,233142.03420930138,218072.86283504084
2865,130467.83383918412,141896.73371063755
2866,165638.58660807175,170970.68770832446
2867,92879.03803503032,91647.57646324301
2868,127061.1822343823,120944.4623066635
2869,129222.72206814139,115655.67311432553
2870,132639.50245649408,128004.2967359698
2871,100713.52216324936,NA
2872,66321.81269216417,76421.50059842493
2873,93046.68884729696,108983.84551003373
2874,138086.63078687806,117515.08328564277
2875,136223.64248758415,135786.75417866866
2876,148463.34808626198,150082.27677250057
2877,134352.21436473593,130936.33199474761
2878,170102.56735082474,200023.87931589814
2879,141399.03742498366,127974.3032236872
2880,119316.21085701228,114695.11969058066
2881,167363.81225832689,162195.18220858407
2882,164272.4726440923,169998.8708140793
2883,194377.89901812375,200708.0041875807
2884,186374.73232793898,214175.73931691347
2885,182739.9215325944,185240.8341798904
2886,201143.84473594234,193473.33767467955
2887,108534.06784112459,104042.91805271083
2888,124381.91486704469,122397.13604539346
2889,63316.18256502873,NA
2890,65915.98009898134,84027.46699485254
2891,153955.53216519748,138031.72389755357
2892,60473.45884464733,NA
2893,88468.2597570347,NA
2894,62893.88281861512,NA
2895,294863.6333034626,306228.4642439496
2896,282267.5938263001,274937.92286108463
2897,183897.9752166697,164121.81358383104
2898,173796.67690578365,172098.4217364551
2899,226761.03802722372,219453.0024423424
2900,160162.22133552338,150814.14550825857
2901,178581.65318810282,184070.6105473215
2902,173462.68778310312,193285.10823297937
2903,319158.0184257552,297253.4421069316
2904,334926.76167286746,311135.1046009804
2905,89329.03768988898,86701.36013464109
2906,181929.25343738467,197885.23793795056
2907,105479.1916757276,102912.34726387454
2908,121128.62675301704,122115.23400344931
2909,161161.36560322397,169906.59298819993
2910,79891.24183667974,NA
2911,95696.4046002949,88704.00371605405
2912,142860.62269366672,139653.8354757997
2913,95620.22936315535,88689.31140145195
2914,86002.43900498706,NA
2915,86002.43900498706,NA
2916,95620.22936315535,88689.31140145195
2917,146213.20568285542,141701.58576619675
2918,112238.29177567425,NA
2919,210104.9652900304,205342.08546455644
